"hipotesis","distance_m","npop"
1,14142.135623731,40
2,26248.8094968134,23
3,38209.9463490856,16
4,50487.6222454574,11
5,64132.6749792959,7
6,79322.1280602078,6
7,97621.7188949262,3
