"hipotesis","distance_m","npop"
1,19723.082923316,19
2,39458.8393138977,12
3,60638.2717431821,7
4,82975.900115636,5
5,105801.701309573,4
6,132800.602408272,3
7,164201.096220458,2
